epoch,lr,train_loss,val_psnr,val_lpips,d_loss,g_loss
1,0.0001,0.9536588634681714,22.815490988615913,0.2637919850958127,0.0,0.0
2,9.999506529926642e-05,0.8311868638327361,22.029408421353065,0.2687062709755873,0.0,0.0
3,9.998026241462927e-05,0.817662639552507,23.227755730668186,0.26403430820482526,0.0,0.0
4,9.99555949984788e-05,0.8086688460656776,23.186203595757483,0.26904214783202274,0.0,0.0
5,9.992106913713087e-05,0.796716098244826,23.127117967809802,0.2499583720446722,0.0,0.0
6,9.987669334932513e-05,0.7935620531400979,23.412669529356286,0.2536366010690533,0.0,0.0
7,9.98224785841232e-05,0.7871981667842531,23.56281835700242,0.2421403411616182,0.0,0.0
8,9.97584382182072e-05,0.7751797489499791,23.364092629432943,0.23523307223070422,0.0,0.0
9,9.968458805257911e-05,0.7690425032954102,23.58465788031161,0.22576611354882842,0.0,0.0
10,9.96009463086623e-05,0.7622637433395927,23.6843524320235,0.2231052070218651,0.0,0.0
11,9.950753362380551e-05,0.756586584984334,23.669693531358046,0.23419656661699215,0.0,0.0
12,9.940437304619096e-05,0.7461027683614849,23.253702484026427,0.23515340083079306,0.0,0.0
13,9.929149002914754e-05,0.7417609423997656,23.88301886829835,0.22490990538642472,0.0,0.0
14,9.916891242487063e-05,0.7299011635196414,23.863362823207705,0.23296771553740245,0.0,0.0
15,9.90366704775499e-05,0.7204910630603417,23.665529571311104,0.23325521343242486,0.0,0.0
16,9.889479681590706e-05,0.7135993761445417,23.961122178997297,0.2319556382487234,0.0,0.0
17,9.874332644514523e-05,0.7043053068551242,24.065495456904138,0.22667770890162636,0.0,0.0
18,9.858229673831191e-05,0.6944390472810232,23.82984449523179,0.23723850073166913,0.0,0.0
19,9.841174742707771e-05,0.6887759913847173,23.60152799749429,0.2378708962203637,0.0,0.0
20,9.823172059193318e-05,0.674458938067839,23.99652202465543,0.2240493629019784,0.0,0.0
21,9.804226065180612e-05,0.6660829293195009,24.148869534813493,0.22058109294174846,0.0,0.0
22,9.784341435310179e-05,0.656817365593817,24.031203181348925,0.23204153641814826,0.0,0.0
23,9.7635230758169e-05,0.6484157154041357,24.16425513530784,0.23124547338690662,0.0,0.0
24,9.741776123319468e-05,0.6336820716350965,23.882783283494426,0.23989389872508812,0.0,0.0
25,9.719105943553004e-05,0.6305949503870982,24.017577954650807,0.2312983427068073,0.0,0.0
26,9.695518130045145e-05,0.6255775863623836,24.03031615524357,0.2300213913175188,0.0,0.0
27,9.671018502735923e-05,0.6179486402970913,24.129259538568398,0.24595976635172503,0.0,0.0
28,9.64561310654178e-05,0.6091679381836884,23.955961384059457,0.23858942403958752,0.0,0.0
29,9.619308209864077e-05,0.598571767282284,24.04064341266947,0.24360528666484324,0.0,0.0
30,9.592110303042461e-05,0.5955547832966245,24.10369632577227,0.23663866406730008,0.0,0.0
31,9.56402609675347e-05,0.5893461567884084,24.02563884593617,0.24445913469618824,0.0,0.0
32,9.535062520354773e-05,0.5814452766906976,23.940839324650412,0.24279974181186295,0.0,0.0
33,9.505226720175452e-05,0.5801631388200116,24.009218590552333,0.24640658831368145,0.0,0.0
34,9.474526057752763e-05,0.5721149217624736,23.980093703911656,0.23842593190499503,0.0,0.0
35,9.442968108015773e-05,0.5676385170959312,24.20272063517478,0.2484603468151012,0.0,0.0
36,9.410560657416367e-05,0.5672321435951396,23.898948063152893,0.24085325591835213,0.0,0.0
37,9.377311702008058e-05,0.558466152623322,23.71505796572357,0.25200380718319887,0.0,0.0
38,9.343229445473079e-05,0.5511552736318261,23.665224286538592,0.2526994768340316,0.0,0.0
39,9.308322297098245e-05,0.5449002310793786,23.941648857905623,0.24726398239564212,0.0,0.0
40,9.272598869700092e-05,0.5423647372288735,24.19487996091293,0.24965455780389464,0.0,0.0
41,9.236067977499788e-05,0.5377048425244275,23.855051633286113,0.25186915603321514,0.0,0.0
42,9.198738633948361e-05,0.5331648284962415,23.839054264341883,0.24891251148196528,0.0,0.0
43,9.16062004950276e-05,0.525042350488621,23.97054753299851,0.24774977515158395,0.0,0.0
44,9.121721629353316e-05,0.5231505281506681,24.17481345439662,0.2435977522119983,0.0,0.0
45,9.082052971103155e-05,0.5178729912820412,23.78188219753344,0.24944715152152896,0.0,0.0
46,9.041623862400122e-05,0.5126845395154885,23.99310013221779,0.2429917207091753,0.0,0.0
47,9.000444278521836e-05,0.512539396006589,23.932247427505825,0.2452677804808121,0.0,0.0
48,8.958524379914436e-05,0.5064129063677969,24.200012908560737,0.2433670034735029,0.0,0.0
49,8.915874509685644e-05,0.5048334042622104,23.88414006232007,0.25057472111150286,0.0,0.0
50,8.872505191052754e-05,0.49840930839366,24.23888015054531,0.24616927838104052,0.0,0.0
51,8.828427124746188e-05,0.4918804468715077,23.927056768937973,0.25609007598167693,0.0,0.0
52,8.783651186369255e-05,0.4900855288113486,24.17469416336359,0.24428023348368333,0.0,0.0
53,8.738188423714753e-05,0.4889912046994977,24.165935127983143,0.24171428162616843,0.0,0.0
54,8.692050054039092e-05,0.4845767538159855,24.217018883461712,0.2505666438306432,0.0,0.0
55,8.645247461294605e-05,0.47827730222690507,24.167734248204447,0.24950517877193856,0.0,0.0
56,8.597792193320733e-05,0.47448017259616637,24.014049686655166,0.24926601300610832,0.0,0.0
57,8.549695958994756e-05,0.4708339867215191,23.94813226288075,0.24998280185982133,0.0,0.0
58,8.500970625342818e-05,0.4681780783755554,23.935632317379998,0.25753872983249965,0.0,0.0
59,8.451628214611904e-05,0.4664166144951574,23.760677330857717,0.2581441380410375,0.0,0.0
60,8.401680901303533e-05,0.4649626321420633,24.12320926521982,0.25057192863389594,0.0,0.0
61,8.35114100916989e-05,0.46366480942831517,24.215330116982702,0.2570419672674375,0.0,0.0
62,8.300021008173112e-05,0.4591196980109084,24.02392484795954,0.2523500152275608,0.0,0.0
63,8.24833351140852e-05,0.4566106476418464,24.172497224713272,0.2473850539045601,0.0,0.0
64,8.196091271992524e-05,0.44985217210031864,23.79061692784275,0.2576997313444362,0.0,0.0
65,8.143307179915983e-05,0.4533781938190154,24.05801794182187,0.25552156177100216,0.0,0.0
66,8.089994258863792e-05,0.44868974729763145,23.919807917708876,0.25263103239470813,0.0,0.0
67,8.036165663001482e-05,0.4466458656430556,24.06827233853002,0.2590731381629786,0.0,0.0
68,7.981834673729628e-05,0.4423967923764125,23.91808443748476,0.25551915544634374,0.0,0.0
69,7.927014696406858e-05,0.4407152680998136,23.915542323227672,0.2544922495864175,0.0,0.0
70,7.871719257042292e-05,0.4361043040403528,24.075385550023523,0.2543385172866567,0.0,0.0
71,7.815961998958186e-05,0.4366415812619895,24.03925142963764,0.2511413292507878,0.0,0.0
72,7.75975667942366e-05,0.4340376388679412,23.95665396959567,0.260109401100637,0.0,0.0
73,7.70311716626029e-05,0.4322361156594672,24.031521599579165,0.25852951527770235,0.0,0.0
74,7.646057434420435e-05,0.429402888502101,24.099007953842804,0.25319989231232254,0.0,0.0
75,7.588591562539122e-05,0.4273033508912613,24.065122161528965,0.25033208933557993,0.0,0.0
76,7.53073372946036e-05,0.4264905700342401,23.916491038437364,0.2571408309372134,0.0,0.0
77,7.472498210738713e-05,0.42517602607186666,24.075504568578175,0.26191144152378787,0.0,0.0
78,7.413899375117029e-05,0.4193766357563211,24.021361480389125,0.25008277545323215,0.0,0.0
79,7.354951680981167e-05,0.4166031281614807,24.03635765478844,0.258766499087787,0.0,0.0
80,7.295669672792599e-05,0.4153680898810925,24.087668766223974,0.2586884676671016,0.0,0.0
81,7.236067977499791e-05,0.4156736013556774,24.031215224893145,0.25669323113464293,0.0,0.0
82,7.176161300929218e-05,0.41179894396348554,24.126952627645508,0.25801391253592704,0.0,0.0
83,7.115964424156919e-05,0.41248244449176646,24.008557285533687,0.25747863515241187,0.0,0.0
84,7.055492199861492e-05,0.40928905030790935,23.99502611837098,0.2582251211688808,0.0,0.0
85,6.99475954865942e-05,0.40725871416648546,24.134085893547486,0.2572186528901473,0.0,0.0
86,6.933781455423624e-05,0.40572989794346326,24.0001953056428,0.26252995934819284,0.0,0.0
87,6.872572965586174e-05,0.4027275948202293,24.17168611108348,0.25820633761658013,0.0,0.0
88,6.811149181426054e-05,0.4041503891621565,23.90499790053607,0.25695192210485357,0.0,0.0
89,6.749525258342903e-05,0.40235909721016666,24.174764299297582,0.2582940730991797,0.0,0.0
