Experiment,Fold,psnr_roi,ssim_roi,mae,calibration_bias,variance_ratio,psnr_enh,ssim_enh,grad_enh,lpips,lpips_enh,sharpness_pred,sharpness_gt,sharpness_ratio,sharpness_ratio_enh
EXP-100_UNET_L1,0,24.05473149891934,0.7460526878404128,0.1978791158542564,-0.0334715744221342,0.9284611268570858,16.90794044782205,0.576682389755257,1.2257216061104406,0.2587255181380893,0.0321431021798329,0.2795386342208666,0.5997624060068767,0.4719759495471231,0.4614909049760187
EXP-100_UNET_L1,1,24.033379281447708,0.7447239267313057,0.2012687424910882,-0.0380653883002731,0.9345160094488154,16.505097712688478,0.569942651180521,1.227854901593738,0.2537690266169966,0.028854763107317,0.2876149364636037,0.5997624060068767,0.4893673162674693,0.4495539145220844
EXP-100_UNET_L1,2,24.287546267540627,0.7460788805776597,0.1900244175181249,-0.0266505381578154,0.9048980393837296,17.07353932698689,0.5848623399331364,1.2145526029168168,0.2581226177893559,0.029098555273606,0.2696650838517692,0.5997624060068767,0.4555160363419849,0.4424623999607101
EXP-100_UNET_L1,3,24.158140766149305,0.7454765785419418,0.1925646967988269,-0.0410999041071891,0.8924564631123786,16.754000436529704,0.5736627856467016,1.229327198619496,0.2622834087447737,0.0276203159939969,0.2732781473212858,0.5997624060068767,0.46220227675819,0.4487506965073546
EXP-100_UNET_L1,4,24.13640020107233,0.7448739647101833,0.1951665546745062,-0.0323666606307975,0.9333661114403028,17.07984514112718,0.5903797773428829,1.2231739288250767,0.2561939516835064,0.0293011828524,0.2830377589661984,0.5997624060068767,0.4781830621261253,0.4810604175775244
EXP-202_ATTENTION_UNET_L1,0,23.96353078366014,0.742324330759528,0.1957292849593153,-0.0193224602051202,0.922649425832472,17.053681423378947,0.5779155296183014,1.223075384130356,0.2684891363842288,0.0300832122691215,0.2771800399289343,0.5997624060068767,0.465955389348763,0.4472919750971013
EXP-202_ATTENTION_UNET_L1,1,24.18079433577806,0.7474775507500495,0.1940358844609922,-0.0151005007791153,0.920350998160734,17.053301246882437,0.582680795955611,1.23175088940948,0.2785563161538377,0.0265699457800705,0.28751991176139,0.5997624060068767,0.4835496055514478,0.472183611241598
EXP-202_ATTENTION_UNET_L1,2,24.24548155526295,0.7477731036396669,0.1944202295208425,-0.0247185050994901,0.943944553691992,17.128156650953386,0.5830885604310169,1.2210287048131183,0.2690613920048136,0.0251621193475223,0.2762234086493233,0.5997624060068767,0.4651279791286245,0.4282299562865092
EXP-202_ATTENTION_UNET_L1,3,24.1198040825972,0.7449597491862139,0.19815876274771,-0.0614249106627037,0.8943516694368142,16.442453977183973,0.5691524672266655,1.2179690394285134,0.2533017247787771,0.0295879403305401,0.2809636433744785,0.5997624060068767,0.4728918620028021,0.428882244436878
EXP-202_ATTENTION_UNET_L1,4,24.01926424776412,0.7440424697370909,0.1993173540061484,0.0076453460572031,0.9552449018583772,17.09596324537153,0.5843772524111708,1.2163251951254646,0.2622170556200227,0.0257702385464644,0.2798926181810883,0.5997624060068767,0.4723887359653534,0.4326845429132804
EXP-204_DENSE_UNET_L1,0,23.80074928181532,0.7448239440478207,0.1999860208805414,-0.0231037981286561,0.9152586363668698,16.603576556844367,0.573946603385153,1.2244498924045488,0.2533606264339462,0.0296360313456917,0.2757600371423859,0.5997624060068767,0.465526344252001,0.4295135103801436
EXP-204_DENSE_UNET_L1,1,23.921324400414875,0.7512498604653799,0.1976119923231701,-0.0238078968152658,0.8566585843329942,16.02539201773606,0.5669803255548016,1.2098320450763602,0.2708599870548686,0.0263855586815509,0.280671074796832,0.5997624060068767,0.4721832714054957,0.383551217922393
EXP-204_DENSE_UNET_L1,2,23.936410158937868,0.7448803174209335,0.2008426415910328,-0.031325905146302,0.9178253152174451,16.70721092711927,0.5837829147358947,1.2153181503069197,0.2392616797149163,0.0256866410444543,0.2743482796145577,0.5997624060068767,0.4627819336033132,0.4119620601988316
EXP-204_DENSE_UNET_L1,3,24.02433928019445,0.7458501962623373,0.2013508326350926,-0.0114002615305693,0.972464453504027,16.987558700894066,0.5869850914595275,1.222066695936952,0.215592820718271,0.0258334036285851,0.276418770069193,0.5997624060068767,0.4658156533428874,0.4424199940031872
EXP-204_DENSE_UNET_L1,4,23.98205442788817,0.7452081938763242,0.2000363940909326,-0.0339276796506707,0.915453734864465,16.421323939529362,0.5775421286133693,1.2138781965041734,0.2391665806099437,0.0294285736170978,0.275958678972739,0.5997624060068767,0.4654207310904701,0.4108290048070709
EXP-303_T1_T2_FLAIR_TO_T1CE,0,24.105044607010772,0.7406667025243474,0.1941881759189573,-0.0339977904875133,0.9470501267173356,17.70239399506841,0.5985189419325706,1.24889646826166,0.2588992237798094,0.032149393195061,0.3067494205577766,0.5997624060068767,0.5155196603421555,0.5589497023822395
EXP-303_T1_T2_FLAIR_TO_T1CE,1,24.366471968586787,0.7434037581128912,0.1884529549378878,-0.0369121265795104,0.8746120411892738,17.27347368197129,0.5905599137809668,1.2379534432285408,0.2630376799087018,0.0312496518900085,0.2906966496094355,0.5997624060068767,0.4941493337311078,0.5166484601057888
EXP-303_T1_T2_FLAIR_TO_T1CE,2,24.342082340595688,0.743028111297088,0.1913680476286121,-0.0260334195697662,0.948590176508783,17.55896954900552,0.5931756486198223,1.2414124051603357,0.2653598293933887,0.0267499012509354,0.290118025079649,0.5997624060068767,0.4935754589249875,0.5244644552746003
EXP-303_T1_T2_FLAIR_TO_T1CE,3,24.63334790945964,0.7453596821788839,0.1870775596321947,-0.0276763032364573,0.9526239426877116,18.21442969652886,0.6066746697877596,1.2333811258177394,0.2564727273417464,0.0291807431846575,0.2973011215632961,0.5997624060068767,0.5057893011801899,0.5395548615847428
EXP-303_T1_T2_FLAIR_TO_T1CE,4,24.36689781599706,0.7443496898657781,0.1883163306850036,-0.0129038421735432,0.93934839129964,18.02178547671549,0.6028008521439624,1.2352027904959508,0.2585869871372354,0.0251560992232383,0.2917854196888088,0.5997624060068767,0.4931245301966553,0.5076720450878873
EXP-402_MULTI_ENCODER_STEP1_T1_T2_F,0,24.04138185158841,0.7446122866148517,0.197980652459509,-0.0471311988104066,0.9509874618701544,17.128461481222587,0.5898042267838466,1.2381186686797838,0.2363218343581958,0.0319169863594402,0.2779474773430939,0.5997624060068767,0.4695022695269551,0.4923874052228638
EXP-402_MULTI_ENCODER_STEP1_T1_T2_F,1,24.18432845492647,0.7468976646973418,0.1945339741231949,-0.0236710032226811,0.959672974878545,17.036918249112038,0.5832081121641264,1.2427174199658322,0.2408655849794066,0.0266372673766152,0.2854981496558131,0.5997624060068767,0.4850667274451834,0.4633467124906311
EXP-402_MULTI_ENCODER_STEP1_T1_T2_F,2,24.226176833047617,0.74677698774068,0.1925310536717283,-0.0293616785186811,0.9563892829676718,17.866135132991744,0.6062845552704521,1.2315007387627446,0.2533190119751831,0.0266399801229677,0.2943884706989534,0.5997624060068767,0.4967760015966814,0.5071596865500415
EXP-402_MULTI_ENCODER_STEP1_T1_T2_F,3,24.35005998850415,0.7455121161296487,0.1891814948991289,-0.0264139354540786,0.9132733029180752,17.53998649353427,0.5981184053265697,1.2341726969525644,0.2373746147528815,0.026227517045393,0.2775693087322928,0.5997624060068767,0.470279563161905,0.4849306471618131
EXP-402_MULTI_ENCODER_STEP1_T1_T2_F,4,24.356846641308685,0.747700161655582,0.1896766745195004,-0.0347313734519421,0.9065654102459332,17.189822921966638,0.5942413321149823,1.2141929986353246,0.2439962166695382,0.0243757845358577,0.27290339033645,0.5997624060068767,0.4637565718597917,0.4418744590249351
EXP-500_GUIDED_RESATTENTION_T1T2F,0,24.388037811004388,0.7461611325047577,0.1918238306841247,-0.0475627955720826,0.9450239699134628,17.372171896960495,0.5868216472619783,1.2221605091999437,0.2645309953641865,0.0300229781534331,0.280752344712376,0.5997624060068767,0.4742505973834263,0.4831167128951043
EXP-500_GUIDED_RESATTENTION_T1T2F,1,24.317713722324203,0.745690160756473,0.1901098935359828,-0.0235449351956754,0.8778804988775478,17.346674182782724,0.5892729580933231,1.2294796848413991,0.2597462423677006,0.0257439403295636,0.2905764708827933,0.5997624060068767,0.4956574943367233,0.4962007650716803
EXP-500_GUIDED_RESATTENTION_T1T2F,2,24.43990750475596,0.7465636730169807,0.1872181857161571,-0.0307348957562136,0.9208239678189432,17.555266379530508,0.5963895651871397,1.223871515193209,0.2618385527773398,0.0285620052459454,0.2903552867127374,0.5997624060068767,0.4926611258202493,0.510488734663231
EXP-500_GUIDED_RESATTENTION_T1T2F,3,24.34474166589058,0.7444180475021702,0.1913743830116998,-0.054448365829676,0.8810449996752261,16.94301658883017,0.5807258712960548,1.2303865230203372,0.2564840141481758,0.0292961987153344,0.2864902865940318,0.5997624060068767,0.4884293004307557,0.5031562101112421
EXP-500_GUIDED_RESATTENTION_T1T2F,4,24.49006503796883,0.745911404786445,0.1873875479545362,-0.0306986675513844,0.9173539009058116,17.892310952515324,0.607177259794316,1.2070860203712803,0.2622914033614029,0.026305985085009,0.2814373473545689,0.5997624060068767,0.4775243641926228,0.49563979306323
EXP-601_EDM,0,22.094173170526368,0.7044541348032631,0.2402872900058185,0.0258341043053977,1.026972784243727,17.335154575522832,0.5506691412605436,1.4808635934572876,0.1934764333292569,0.027158869089424,0.566207263111112,0.5997624060068767,0.9506887626998564,0.8880344346798333
EXP-601_EDM,1,22.05180564468497,0.699781114093497,0.2424042914888114,0.0364241933893956,1.014281727176714,17.307298082303596,0.5488668632419923,1.4928069738682097,0.1976929868838485,0.0282995877155814,0.5727930167808657,0.5997624060068767,0.962798572311771,0.9047998058792894
EXP-601_EDM,2,21.900841654860177,0.6965831466332204,0.2464525428559928,0.0208091126358524,1.0291852599820543,17.529083138402658,0.5485321556126884,1.500784642902652,0.1862342453764936,0.0274874324313209,0.5811123144904632,0.5997624060068767,0.9756097165493072,0.919038434554043
EXP-601_EDM,3,22.203585288992723,0.6988360389554837,0.2373609469642147,0.0158488265309012,1.009054878154834,17.519721931394052,0.545554386817476,1.524221630629695,0.1874628792877068,0.0313560285331138,0.5807651980478161,0.5997624060068767,0.9733771745156944,0.9398574238779812
EXP-601_EDM,4,21.98163175312998,0.697362166083878,0.2400476648907246,0.0222096325269279,1.0203474616882715,17.2822468231445,0.5405132253881135,1.531198797970947,0.1873011630179256,0.0311021465559355,0.5877924707052805,0.5997624060068767,0.98587557363926,0.9510630456063676
EXP-602_EDM,0,23.906912014168498,0.7305852598864097,0.199519821394065,-0.0002853464945555,0.9887755287376588,18.27707994646759,0.5968998321507961,1.288651895692308,0.2186339484344905,0.0251533662708795,0.3448832284717646,0.5997624060068767,0.5800045512747547,0.6392892415440706
EXP-602_EDM,1,24.379515128875973,0.7357252103146952,0.1906174434045093,0.0073788163239481,0.9529806750214938,18.310697083787694,0.603407656035286,1.2465956342784428,0.2224009771572467,0.0216074724989136,0.335306256448066,0.5997624060068767,0.5687404501531487,0.5784133501573113
EXP-602_EDM,2,23.84152990331311,0.7337706474583052,0.202596522606514,0.0081240196776189,0.990516407263369,18.028048547797045,0.5950425699055473,1.2563684514494038,0.2157929458102789,0.0189634802515224,0.3233649026137359,0.5997624060068767,0.5468278132247637,0.552060854248225
EXP-602_EDM,3,24.114088579227563,0.7344072616821273,0.1954074095830469,0.001225961858914,0.9329703923818788,17.83637684072079,0.596199649726355,1.263385286701726,0.2051922341333126,0.020984161598315,0.3339069583233519,0.5997624060068767,0.5627926183490365,0.5782526526478129
EXP-602_EDM,4,23.99555458298584,0.7310232440403934,0.1974121622617899,0.0104639485546645,0.9634535877907098,18.20738875383109,0.6005805295045039,1.2592001495837113,0.209583794677559,0.0206394645481588,0.3306406056419661,0.5997624060068767,0.5577900268711569,0.591144686270176
EXP-703_EDM_GAN_VGG_LPIPS,0,24.52365157770692,0.7389244484652506,0.1900770993531319,-0.0054331499001747,0.8975433667394567,17.618161294044416,0.595397782382903,1.240767258319423,0.2327296261470544,0.0283675065348937,0.3028131246263968,0.5997624060068767,0.5146860019848358,0.5579011074084195
EXP-703_EDM_GAN_VGG_LPIPS,1,24.505795781049997,0.742785679471077,0.1893566954000113,-0.0221276309917261,0.8736730073397577,17.24428451412775,0.5892239635823062,1.2413349702954544,0.229756088915897,0.0265594140232199,0.3004637253234239,0.5997624060068767,0.509679443255268,0.5366601918941443
EXP-703_EDM_GAN_VGG_LPIPS,2,24.472705917769627,0.7396873163933585,0.1893311597655596,0.016520771564317,0.9601520786824932,18.13283692528706,0.6039908902809009,1.2436412951593316,0.238308972883405,0.0224516094590753,0.3076517718661804,0.5997624060068767,0.5211514007689775,0.5582879633468043
EXP-703_EDM_GAN_VGG_LPIPS,3,24.624185728900915,0.739831445554948,0.185640587047939,-0.019143249328176,0.9116905708064218,17.742370125026067,0.5971993672933757,1.2589997809712,0.2296181963776001,0.0286682650738288,0.3100427603813825,0.5997624060068767,0.5268433834252774,0.5820372323668446
EXP-703_EDM_GAN_VGG_LPIPS,4,24.526795564401677,0.7382886769138444,0.1880931831803718,-0.0049641543448101,0.8836245741220659,17.49069759530797,0.591434341610419,1.2471629930250858,0.2291088372521692,0.0250102822998291,0.293296978917612,0.5997624060068767,0.4944267208194623,0.5543239310164725
EXP-706_PROPOSED_FDR,0,23.91042177106415,0.7331613399628092,0.1990744173685945,0.0087193693061213,0.9650772113821195,18.36609024403385,0.6036941124888038,1.2453042681082511,0.2263857087061251,0.0193701780481444,0.3266053207108605,0.5997624060068767,0.5515866445945607,0.5544548559154692
EXP-706_PROPOSED_FDR,1,,,,,,,,,,,,,,
EXP-706_PROPOSED_FDR,2,,,,,,,,,,,,,,
EXP-706_PROPOSED_FDR,3,,,,,,,,,,,,,,
EXP-706_PROPOSED_FDR,4,,,,,,,,,,,,,,
EXP-713_MULTISCALE_CROSS_ATTENTION,0,24.108452062270864,0.7502940034814222,0.1947655872652725,-0.0110825498968748,0.9561165977879762,17.788139279128114,0.5972172578925791,1.2327801003293506,0.2488495817598609,0.0217771374968531,0.3229784127777698,0.5997624060068767,0.5449893093138728,0.5050438936324245
EXP-713_MULTISCALE_CROSS_ATTENTION,1,24.13763026518628,0.7512939710394352,0.194927875163626,-0.0330354718879312,0.9039882818561856,17.032467932321456,0.5864160119879581,1.2336315451098838,0.2636371259280634,0.0235663469004317,0.3263916693120251,0.5997624060068767,0.5510559611530308,0.4929863502319711
EXP-713_MULTISCALE_CROSS_ATTENTION,2,24.014126758760007,0.7450247083856925,0.1975053502280856,-0.0352327759102111,0.8954411808870036,17.038413104423288,0.5843793399965012,1.2264836395140992,0.2503397520131494,0.026664285225123,0.3042063242542719,0.5997624060068767,0.5138807667510668,0.4617712311518004
EXP-713_MULTISCALE_CROSS_ATTENTION,3,24.236828663684083,0.7502423731976764,0.1931722321559125,-0.0277382258482856,0.9414495476686472,17.696850599287806,0.5948568147160831,1.2261452482943676,0.2463132536768351,0.0277378024044525,0.3254851590887606,0.5997624060068767,0.5476951537583257,0.5080659235208309
EXP-713_MULTISCALE_CROSS_ATTENTION,4,24.0444599828185,0.7465706979532253,0.1948272699999701,-0.0419810680487059,0.8863007438052553,16.74845466886086,0.5748093759132236,1.2216086585289876,0.2500928870029036,0.02797004657536,0.3027529911789497,0.5997624060068767,0.5101021263912269,0.4565433640047868
EXP-716A_CROSS_ATTENTION_DECOMPOSITION,0,17.49884369215428,0.2384822444977881,0.6343434799448581,0.3172105211879548,0.2125340353050379,13.800294731122488,0.4845828067293071,1.1746113528008577,0.2805271391953943,0.0148897056701461,0.1535592893274562,0.5997624060068767,0.2587311363962933,0.0976654479760443
EXP-716A_CROSS_ATTENTION_DECOMPOSITION,1,,,,,,,,,,,,,,
EXP-716A_CROSS_ATTENTION_DECOMPOSITION,2,,,,,,,,,,,,,,
EXP-716A_CROSS_ATTENTION_DECOMPOSITION,3,,,,,,,,,,,,,,
EXP-716A_CROSS_ATTENTION_DECOMPOSITION,4,,,,,,,,,,,,,,
EXP-803_SharpFreq_LSGAN_Iter1,0,24.03289716564509,0.749917995701995,0.1998644964983526,-0.0349949360995119,0.9058768103815796,16.898910519271094,0.580697725952815,1.2219419780396088,0.2524718338713162,0.0215527159753794,0.3181978196068851,0.5997624060068767,0.537437976029938,0.4524851369226755
EXP-803_SharpFreq_LSGAN_Iter1,1,,,,,,,,,,,,,,
EXP-803_SharpFreq_LSGAN_Iter1,2,,,,,,,,,,,,,,
EXP-803_SharpFreq_LSGAN_Iter1,3,,,,,,,,,,,,,,
EXP-803_SharpFreq_LSGAN_Iter1,4,,,,,,,,,,,,,,
EXP-806_GroupNorm_CosineLR_Iter4,0,23.78036187924044,0.7434311933637262,0.2033276978449486,-0.0336748510385545,0.942757100049764,17.33150555327857,0.5815361443801218,1.2632439069351875,0.2693923970674575,0.0303784864037656,0.3899988222335445,0.5997624060068767,0.6509074129138289,0.5816403938547459
EXP-806_GroupNorm_CosineLR_Iter4,1,,,,,,,,,,,,,,
EXP-806_GroupNorm_CosineLR_Iter4,2,,,,,,,,,,,,,,
EXP-806_GroupNorm_CosineLR_Iter4,3,,,,,,,,,,,,,,
EXP-806_GroupNorm_CosineLR_Iter4,4,,,,,,,,,,,,,,
EXP-813_StratifiedEnh_Sharpness,0,23.820016867378023,0.7442517835292395,0.2029642575950773,-0.0214340113412675,0.8949448515983389,17.069457364834363,0.5810402986089677,1.2443430280197698,0.2371087218401119,0.0258279251923007,0.3731931041553964,0.5997624060068767,0.6256511253059067,0.5363588130344823
EXP-813_StratifiedEnh_Sharpness,1,23.89361468823087,0.7456299127623035,0.2069546353646295,-0.0168014218497138,0.9197303093201932,16.78318713412403,0.575810022484772,1.2471743878496289,0.2321243873135225,0.0243659004711649,0.3672886265375276,0.5997624060068767,0.617892946226494,0.5189488695112612
EXP-813_StratifiedEnh_Sharpness,2,24.085730490715672,0.7458535609051222,0.1972820198916385,-0.0122200596825404,0.9463275757380124,17.804798844010183,0.599942038314291,1.2377166613839536,0.2197695356473869,0.0265261671249185,0.3730900793995333,0.5997624060068767,0.6290049805328555,0.5648161027198073
EXP-813_StratifiedEnh_Sharpness,3,24.10662392084672,0.7485665006745237,0.197929505606486,-0.0229939554762848,0.9113765597891884,17.31824784129719,0.5925114727061498,1.234379368494134,0.2089914888435845,0.0266544240221637,0.3592759244953718,0.5997624060068767,0.6033861542420945,0.5397916098964046
EXP-813_StratifiedEnh_Sharpness,4,24.11178733813541,0.7477264571781829,0.1979110844497119,-0.0256736890087394,0.892269724621381,16.87743780960303,0.5817378005063876,1.234665930323564,0.2419778991805485,0.025136474341351,0.3536597685559897,0.5997624060068767,0.593760782824,0.5126452384236464
EXP-815_EnhSegHead_EagerInit_FastTrain,0,23.831783963684195,0.7440235984916852,0.2038010630245365,-0.0478849615854256,0.8710485639450516,16.85103146229279,0.5757116522494721,1.269713849996116,0.2346623417294553,0.025451518951388,0.4190288882241235,0.5997624060068767,0.70403445626482,0.6160618678308305
EXP-815_EnhSegHead_EagerInit_FastTrain,1,,,,,,,,,,,,,,
EXP-815_EnhSegHead_EagerInit_FastTrain,2,,,,,,,,,,,,,,
EXP-815_EnhSegHead_EagerInit_FastTrain,3,,,,,,,,,,,,,,
EXP-815_EnhSegHead_EagerInit_FastTrain,4,,,,,,,,,,,,,,
EXP-816_CalibratedGate_BalancedSeg,0,23.77401459266492,0.7415826696888032,0.2063652819599654,-0.0604624718526337,0.8610189223722573,16.654852441100935,0.5717757374956646,1.2678909810838952,0.2453248258279844,0.0296937914186893,0.410824063763436,0.5997624060068767,0.6887342336739215,0.6092940688514212
EXP-816_CalibratedGate_BalancedSeg,1,23.56178155154792,0.740985317613018,0.2081725593360327,-0.0608676409992042,0.7865147213211955,15.514899081731324,0.5480836719641073,1.235284244206864,0.2202440187616632,0.0269910572537671,0.3645845287559888,0.5997624060068767,0.6148932584853825,0.485337015197254
EXP-816_CalibratedGate_BalancedSeg,2,23.778927663664355,0.7407195291584634,0.2046450441787786,-0.0556773970784424,0.8428525772596416,16.54308432702287,0.5667410586836074,1.2689255826184445,0.2405656965116639,0.0278428885010191,0.4012046601078717,0.5997624060068767,0.6749577636363482,0.5828396513914046
EXP-816_CalibratedGate_BalancedSeg,3,23.808523468468955,0.7410866745404584,0.2041671139045293,-0.0485944220721908,0.8389885239550136,16.578504949985707,0.5781185643263613,1.23743828807275,0.2344311806334419,0.0239033173929379,0.3905496934461539,0.5997624060068767,0.6567879460096947,0.5457676291509903
EXP-816_CalibratedGate_BalancedSeg,4,24.108907416171043,0.7431416849174663,0.1972405946645207,-0.0498387740188129,0.8600021040748944,17.04078002870633,0.5707205358674508,1.331218997627535,0.2375805602282027,0.0276840861813239,0.409040408018936,0.5997624060068767,0.6826965631637618,0.6187634961537328
