"Berkas","Id_non_naskah"
".\configs\config.py","400 401 403 404 405 406 407 408"
".\configs\config_exp303_eval_metric.py","300 301 302"
".\configs\config_exp400_feature_fusion.py","400 401 403 404 405 406 407 408"
".\configs\config_exp803.py","715A"
".\configs\config_exp816.py","814"
".\evaluators\evaluate_pGAN_baseline.py","702"
".\losses\loss_registry_exp713.py","708"
".\losses\loss_registry_exp803.py","715A"
".\losses\loss_registry_exp806.py","805"
".\losses\loss_registry_exp813.py","812"
".\losses\loss_registry_exp815.py","814"
".\losses\loss_registry_exp816.py","814"
".\models\edm_synth_exp813.py","811 812"
".\models\edm_synth_exp815.py","812 814"
".\models\edm_synth_exp816.py","812 814"
".\train_exp803.py","715A"
".\train_exp806.py","805"
".\train_exp815.py","814"
".\train_exp816.py","814"
